--
-- PostgreSQL database dump
--

\restrict AvlSytcnXVHloawel5XSarXojkF7RXYCvbTc1QwGvs5nfFdNvR6EbaxqnuSxsnb

-- Dumped from database version 16.13 (Ubuntu 16.13-0ubuntu0.24.04.1)
-- Dumped by pg_dump version 16.13 (Ubuntu 16.13-0ubuntu0.24.04.1)

SET statement_timeout = 0;
SET lock_timeout = 0;
SET idle_in_transaction_session_timeout = 0;
SET client_encoding = 'UTF8';
SET standard_conforming_strings = on;
SELECT pg_catalog.set_config('search_path', '', false);
SET check_function_bodies = false;
SET xmloption = content;
SET client_min_messages = warning;
SET row_security = off;

SET default_tablespace = '';

SET default_table_access_method = heap;

--
-- Name: applications; Type: TABLE; Schema: public; Owner: rahma
--

CREATE TABLE public.applications (
    id bigint NOT NULL,
    created_by character varying(255),
    created_date timestamp(6) without time zone,
    last_modified_by character varying(255),
    last_modified_date timestamp(6) without time zone,
    address character varying(255),
    application_date date,
    course_studied character varying(255),
    cv_file character varying(255),
    date_of_birth date,
    education_level character varying(255),
    email character varying(255) NOT NULL,
    first_name character varying(255),
    gender character varying(255),
    graduation_year integer NOT NULL,
    institution_name character varying(255),
    last_name character varying(255),
    phone_number character varying(255),
    preferred_district character varying(255),
    preferred_region character varying(255),
    preferred_school_type character varying(255),
    qualification_file character varying(255),
    review_date date,
    reviewed_by character varying(255),
    status character varying(255),
    transcript_file character varying(255),
    user_id bigint NOT NULL,
    CONSTRAINT applications_education_level_check CHECK (((education_level)::text = ANY ((ARRAY['DIPLOMA'::character varying, 'DEGREE'::character varying])::text[]))),
    CONSTRAINT applications_gender_check CHECK (((gender)::text = ANY ((ARRAY['MALE'::character varying, 'FEMALE'::character varying])::text[]))),
    CONSTRAINT applications_preferred_district_check CHECK (((preferred_district)::text = ANY ((ARRAY['MJINI'::character varying, 'MAGHARIBI_A'::character varying, 'MAGHARIBI_B'::character varying, 'KASKAZINI_A'::character varying, 'KASKAZINI_B'::character varying, 'KUSINI'::character varying, 'CHAKE_CHAKE'::character varying, 'WETE'::character varying, 'MICHEWENI'::character varying])::text[]))),
    CONSTRAINT applications_preferred_region_check CHECK (((preferred_region)::text = ANY ((ARRAY['URBAN_WEST'::character varying, 'NORTH_UNGUJA'::character varying, 'SOUTH_UNGUJA'::character varying, 'NORTH_PEMBA'::character varying, 'SOUTH_PEMBA'::character varying])::text[]))),
    CONSTRAINT applications_preferred_school_type_check CHECK (((preferred_school_type)::text = ANY ((ARRAY['PRIMARY'::character varying, 'SECONDARY'::character varying])::text[]))),
    CONSTRAINT applications_status_check CHECK (((status)::text = ANY ((ARRAY['PENDING'::character varying, 'APPROVED'::character varying, 'REJECTED'::character varying])::text[])))
);


ALTER TABLE public.applications OWNER TO rahma;

--
-- Name: applications_id_seq; Type: SEQUENCE; Schema: public; Owner: rahma
--

ALTER TABLE public.applications ALTER COLUMN id ADD GENERATED BY DEFAULT AS IDENTITY (
    SEQUENCE NAME public.applications_id_seq
    START WITH 1
    INCREMENT BY 1
    NO MINVALUE
    NO MAXVALUE
    CACHE 1
);


--
-- Name: certificates; Type: TABLE; Schema: public; Owner: rahma
--

CREATE TABLE public.certificates (
    id bigint NOT NULL,
    created_by character varying(255),
    created_date timestamp(6) without time zone,
    last_modified_by character varying(255),
    last_modified_date timestamp(6) without time zone,
    approved boolean,
    certificate_number character varying(255),
    grade character varying(255),
    issue_date date,
    issued_by character varying(255),
    remarks character varying(255),
    intern_id bigint,
    CONSTRAINT certificates_grade_check CHECK (((grade)::text = ANY ((ARRAY['PASS'::character varying, 'MERIT'::character varying, 'DISTINCTION'::character varying])::text[])))
);


ALTER TABLE public.certificates OWNER TO rahma;

--
-- Name: certificates_id_seq; Type: SEQUENCE; Schema: public; Owner: rahma
--

ALTER TABLE public.certificates ALTER COLUMN id ADD GENERATED BY DEFAULT AS IDENTITY (
    SEQUENCE NAME public.certificates_id_seq
    START WITH 1
    INCREMENT BY 1
    NO MINVALUE
    NO MAXVALUE
    CACHE 1
);


--
-- Name: evaluations; Type: TABLE; Schema: public; Owner: rahma
--

CREATE TABLE public.evaluations (
    id bigint NOT NULL,
    created_by character varying(255),
    created_date timestamp(6) without time zone,
    last_modified_by character varying(255),
    last_modified_date timestamp(6) without time zone,
    evaluation_date date,
    evaluation_type character varying(255),
    remarks character varying(255),
    score double precision NOT NULL,
    status character varying(255),
    average_rating double precision,
    total_hours integer,
    total_sessions integer,
    placement_id bigint NOT NULL,
    CONSTRAINT evaluations_evaluation_type_check CHECK (((evaluation_type)::text = ANY ((ARRAY['MIDTERM'::character varying, 'FINAL'::character varying, 'REASSESSMENT'::character varying])::text[]))),
    CONSTRAINT evaluations_status_check CHECK (((status)::text = ANY ((ARRAY['PENDING'::character varying, 'PASSED'::character varying, 'NEEDS_IMPROVEMENT'::character varying, 'REQUIRES_EXTENSION'::character varying])::text[])))
);


ALTER TABLE public.evaluations OWNER TO rahma;

--
-- Name: evaluations_id_seq; Type: SEQUENCE; Schema: public; Owner: rahma
--

ALTER TABLE public.evaluations ALTER COLUMN id ADD GENERATED BY DEFAULT AS IDENTITY (
    SEQUENCE NAME public.evaluations_id_seq
    START WITH 1
    INCREMENT BY 1
    NO MINVALUE
    NO MAXVALUE
    CACHE 1
);


--
-- Name: extension; Type: TABLE; Schema: public; Owner: rahma
--

CREATE TABLE public.extension (
    id bigint NOT NULL,
    created_by character varying(255),
    created_date timestamp(6) without time zone,
    last_modified_by character varying(255),
    last_modified_date timestamp(6) without time zone,
    end_date date,
    reason character varying(255),
    start_date date,
    status character varying(255),
    evaluation_id bigint NOT NULL,
    extra_days integer NOT NULL,
    placement_id bigint NOT NULL,
    CONSTRAINT extension_status_check CHECK (((status)::text = ANY ((ARRAY['ACTIVE'::character varying, 'COMPLETED'::character varying, 'CANCELLED'::character varying])::text[])))
);


ALTER TABLE public.extension OWNER TO rahma;

--
-- Name: extension_id_seq; Type: SEQUENCE; Schema: public; Owner: rahma
--

ALTER TABLE public.extension ALTER COLUMN id ADD GENERATED BY DEFAULT AS IDENTITY (
    SEQUENCE NAME public.extension_id_seq
    START WITH 1
    INCREMENT BY 1
    NO MINVALUE
    NO MAXVALUE
    CACHE 1
);


--
-- Name: feedback; Type: TABLE; Schema: public; Owner: rahma
--

CREATE TABLE public.feedback (
    id bigint NOT NULL,
    created_by character varying(255),
    created_date timestamp(6) without time zone,
    last_modified_by character varying(255),
    last_modified_date timestamp(6) without time zone,
    comment character varying(255),
    date date,
    rating integer NOT NULL,
    intern_id bigint NOT NULL,
    mentor_id bigint NOT NULL,
    placement_id bigint NOT NULL,
    performance_level character varying(255),
    recommendations character varying(255),
    session_topic character varying(255)
);


ALTER TABLE public.feedback OWNER TO rahma;

--
-- Name: feedback_id_seq; Type: SEQUENCE; Schema: public; Owner: rahma
--

ALTER TABLE public.feedback ALTER COLUMN id ADD GENERATED BY DEFAULT AS IDENTITY (
    SEQUENCE NAME public.feedback_id_seq
    START WITH 1
    INCREMENT BY 1
    NO MINVALUE
    NO MAXVALUE
    CACHE 1
);


--
-- Name: intern_activity_logs; Type: TABLE; Schema: public; Owner: rahma
--

CREATE TABLE public.intern_activity_logs (
    id bigint NOT NULL,
    created_by character varying(255),
    created_date timestamp(6) without time zone,
    last_modified_by character varying(255),
    last_modified_date timestamp(6) without time zone,
    activities_done character varying(1000),
    challenges character varying(1000),
    class_level character varying(255),
    date date,
    hours_spent double precision,
    mentor_comment character varying(1000),
    review_date date,
    status character varying(255),
    subject character varying(255),
    topic_taught character varying(255),
    intern_id bigint NOT NULL,
    CONSTRAINT intern_activity_logs_status_check CHECK (((status)::text = ANY ((ARRAY['DRAFT'::character varying, 'SUBMITTED'::character varying, 'APPROVED'::character varying, 'NEEDS_REVISION'::character varying, 'REJECTED'::character varying])::text[])))
);


ALTER TABLE public.intern_activity_logs OWNER TO rahma;

--
-- Name: intern_activity_logs_id_seq; Type: SEQUENCE; Schema: public; Owner: rahma
--

ALTER TABLE public.intern_activity_logs ALTER COLUMN id ADD GENERATED BY DEFAULT AS IDENTITY (
    SEQUENCE NAME public.intern_activity_logs_id_seq
    START WITH 1
    INCREMENT BY 1
    NO MINVALUE
    NO MAXVALUE
    CACHE 1
);


--
-- Name: interns; Type: TABLE; Schema: public; Owner: rahma
--

CREATE TABLE public.interns (
    id bigint NOT NULL,
    created_by character varying(255),
    created_date timestamp(6) without time zone,
    last_modified_by character varying(255),
    last_modified_date timestamp(6) without time zone,
    education_level character varying(255),
    end_date date,
    graduation_year integer NOT NULL,
    specialization character varying(255),
    start_date date,
    status character varying(255),
    application_id bigint NOT NULL,
    CONSTRAINT interns_education_level_check CHECK (((education_level)::text = ANY ((ARRAY['DIPLOMA'::character varying, 'DEGREE'::character varying])::text[]))),
    CONSTRAINT interns_status_check CHECK (((status)::text = ANY ((ARRAY['REGISTERED'::character varying, 'PLACED'::character varying, 'ACTIVE'::character varying, 'EXTENDED'::character varying, 'COMPLETED'::character varying])::text[])))
);


ALTER TABLE public.interns OWNER TO rahma;

--
-- Name: interns_id_seq; Type: SEQUENCE; Schema: public; Owner: rahma
--

ALTER TABLE public.interns ALTER COLUMN id ADD GENERATED BY DEFAULT AS IDENTITY (
    SEQUENCE NAME public.interns_id_seq
    START WITH 1
    INCREMENT BY 1
    NO MINVALUE
    NO MAXVALUE
    CACHE 1
);


--
-- Name: mentors; Type: TABLE; Schema: public; Owner: rahma
--

CREATE TABLE public.mentors (
    qualification_level character varying(255),
    specialization character varying(255),
    status character varying(255),
    years_of_experience integer NOT NULL,
    id bigint NOT NULL,
    school_id bigint NOT NULL,
    CONSTRAINT mentors_qualification_level_check CHECK (((qualification_level)::text = ANY ((ARRAY['DIPLOMA'::character varying, 'DEGREE'::character varying, 'MASTERS'::character varying, 'PHD'::character varying])::text[]))),
    CONSTRAINT mentors_status_check CHECK (((status)::text = ANY ((ARRAY['ACTIVE'::character varying, 'INACTIVE'::character varying])::text[])))
);


ALTER TABLE public.mentors OWNER TO rahma;

--
-- Name: placements; Type: TABLE; Schema: public; Owner: rahma
--

CREATE TABLE public.placements (
    id bigint NOT NULL,
    created_by character varying(255),
    created_date timestamp(6) without time zone,
    last_modified_by character varying(255),
    last_modified_date timestamp(6) without time zone,
    assigned_date date,
    end_date date,
    remarks character varying(255),
    start_date date,
    status character varying(255),
    intern_id bigint NOT NULL,
    mentor_id bigint NOT NULL,
    school_id bigint NOT NULL,
    CONSTRAINT placements_status_check CHECK (((status)::text = ANY ((ARRAY['ASSIGNED'::character varying, 'ACTIVE'::character varying, 'IN_PROGRESS'::character varying, 'COMPLETED'::character varying])::text[])))
);


ALTER TABLE public.placements OWNER TO rahma;

--
-- Name: placements_id_seq; Type: SEQUENCE; Schema: public; Owner: rahma
--

ALTER TABLE public.placements ALTER COLUMN id ADD GENERATED BY DEFAULT AS IDENTITY (
    SEQUENCE NAME public.placements_id_seq
    START WITH 1
    INCREMENT BY 1
    NO MINVALUE
    NO MAXVALUE
    CACHE 1
);


--
-- Name: school_types; Type: TABLE; Schema: public; Owner: rahma
--

CREATE TABLE public.school_types (
    school_id bigint NOT NULL,
    type character varying(255),
    CONSTRAINT school_types_type_check CHECK (((type)::text = ANY ((ARRAY['PRIMARY'::character varying, 'SECONDARY'::character varying])::text[])))
);


ALTER TABLE public.school_types OWNER TO rahma;

--
-- Name: schools; Type: TABLE; Schema: public; Owner: rahma
--

CREATE TABLE public.schools (
    id bigint NOT NULL,
    created_by character varying(255),
    created_date timestamp(6) without time zone,
    last_modified_by character varying(255),
    last_modified_date timestamp(6) without time zone,
    capacity integer NOT NULL,
    current_intern_count integer NOT NULL,
    district character varying(255),
    email character varying(255),
    head_teacher_name character varying(255),
    location character varying(255),
    name character varying(255),
    phone_number character varying(255),
    region character varying(255),
    CONSTRAINT schools_district_check CHECK (((district)::text = ANY ((ARRAY['MJINI'::character varying, 'MAGHARIBI_A'::character varying, 'MAGHARIBI_B'::character varying, 'KASKAZINI_A'::character varying, 'KASKAZINI_B'::character varying, 'KUSINI'::character varying, 'CHAKE_CHAKE'::character varying, 'WETE'::character varying, 'MICHEWENI'::character varying])::text[]))),
    CONSTRAINT schools_region_check CHECK (((region)::text = ANY ((ARRAY['URBAN_WEST'::character varying, 'NORTH_UNGUJA'::character varying, 'SOUTH_UNGUJA'::character varying, 'NORTH_PEMBA'::character varying, 'SOUTH_PEMBA'::character varying])::text[])))
);


ALTER TABLE public.schools OWNER TO rahma;

--
-- Name: schools_id_seq; Type: SEQUENCE; Schema: public; Owner: rahma
--

ALTER TABLE public.schools ALTER COLUMN id ADD GENERATED BY DEFAULT AS IDENTITY (
    SEQUENCE NAME public.schools_id_seq
    START WITH 1
    INCREMENT BY 1
    NO MINVALUE
    NO MAXVALUE
    CACHE 1
);


--
-- Name: users; Type: TABLE; Schema: public; Owner: rahma
--

CREATE TABLE public.users (
    id bigint NOT NULL,
    created_by character varying(255),
    created_date timestamp(6) without time zone,
    last_modified_by character varying(255),
    last_modified_date timestamp(6) without time zone,
    email character varying(255) NOT NULL,
    name character varying(255) NOT NULL,
    password character varying(255)
);


ALTER TABLE public.users OWNER TO rahma;

--
-- Name: users_id_seq; Type: SEQUENCE; Schema: public; Owner: rahma
--

ALTER TABLE public.users ALTER COLUMN id ADD GENERATED BY DEFAULT AS IDENTITY (
    SEQUENCE NAME public.users_id_seq
    START WITH 1
    INCREMENT BY 1
    NO MINVALUE
    NO MAXVALUE
    CACHE 1
);


--
-- Data for Name: applications; Type: TABLE DATA; Schema: public; Owner: rahma
--

COPY public.applications (id, created_by, created_date, last_modified_by, last_modified_date, address, application_date, course_studied, cv_file, date_of_birth, education_level, email, first_name, gender, graduation_year, institution_name, last_name, phone_number, preferred_district, preferred_region, preferred_school_type, qualification_file, review_date, reviewed_by, status, transcript_file, user_id) FROM stdin;
1	\N	\N	\N	\N	Dar es Salaam	2026-04-18	Computer Science	cv.pdf	2000-04-15	DEGREE	rahma@gmail.com	Rahma	FEMALE	2024	SUZA	Suleiman	0712345678	MJINI	URBAN_WEST	PRIMARY	file.pdf	2026-04-18	Admin John	APPROVED	transcript.pdf	1
2	\N	\N	\N	\N	Zanzibar	2026-04-18	Information Technology	cv.pdf	2000-05-10	DEGREE	shuayb@gmail.com	Shuayb	MALE	2024	SUZA	Ali	0712345678	MJINI	URBAN_WEST	PRIMARY	qualification.pdf	2026-04-18	Admin John	REJECTED	transcript.pdf	2
3	\N	\N	\N	\N	Zanzibar	2026-04-18	Information Technology	cv.pdf	2000-06-15	DIPLOMA	kau@gmail.com	Kauthar	FEMALE	2024	SUZA	Ali	0712345678	MJINI	URBAN_WEST	PRIMARY	qualification.pdf	2026-04-18	Admin Junaid	APPROVED	transcript.pdf	3
\.


--
-- Data for Name: certificates; Type: TABLE DATA; Schema: public; Owner: rahma
--

COPY public.certificates (id, created_by, created_date, last_modified_by, last_modified_date, approved, certificate_number, grade, issue_date, issued_by, remarks, intern_id) FROM stdin;
\.


--
-- Data for Name: evaluations; Type: TABLE DATA; Schema: public; Owner: rahma
--

COPY public.evaluations (id, created_by, created_date, last_modified_by, last_modified_date, evaluation_date, evaluation_type, remarks, score, status, average_rating, total_hours, total_sessions, placement_id) FROM stdin;
6	\N	\N	\N	\N	2026-04-23	MIDTERM	Struggles with lesson delivery and classroom management.	45	PENDING	3.5	\N	2	2
38	\N	\N	\N	\N	2026-04-23	FINAL	Weak teaching delivery and classroom management issues.	45	REQUIRES_EXTENSION	3.5	\N	2	2
\.


--
-- Data for Name: extension; Type: TABLE DATA; Schema: public; Owner: rahma
--

COPY public.extension (id, created_by, created_date, last_modified_by, last_modified_date, end_date, reason, start_date, status, evaluation_id, extra_days, placement_id) FROM stdin;
\.


--
-- Data for Name: feedback; Type: TABLE DATA; Schema: public; Owner: rahma
--

COPY public.feedback (id, created_by, created_date, last_modified_by, last_modified_date, comment, date, rating, intern_id, mentor_id, placement_id, performance_level, recommendations, session_topic) FROM stdin;
1	\N	\N	\N	\N	Good lesson delivery with clear explanation of fractions. Students were engaged during group activities.	2026-04-19	4	1	9	1	GOOD	Work more on explaining decimal conversions using simpler examples.	Teaching Fractions using Visual Aids
2	\N	\N	\N	\N	The lesson was well structured, but some students struggled with understanding decimals.	2026-04-20	3	1	9	1	AVERAGE	Use more step-by-step demonstrations and real-life examples for decimals.	Fractions and Decimal Conversion Practice
3	\N	\N	\N	\N	Interactive teaching style and good use of examples. Students gradually became engaged.	2026-04-19	4	2	8	2	GOOD	Start lessons with icebreakers to boost early participation.	Introduction to Nouns and Verbs
4	\N	\N	\N	\N	Lesson content was correct, but initial student engagement was low.	2026-04-20	3	2	8	2	AVERAGE	Encourage participation earlier using questions or short activities.	Practice Exercises on Parts of Speech
\.


--
-- Data for Name: intern_activity_logs; Type: TABLE DATA; Schema: public; Owner: rahma
--

COPY public.intern_activity_logs (id, created_by, created_date, last_modified_by, last_modified_date, activities_done, challenges, class_level, date, hours_spent, mentor_comment, review_date, status, subject, topic_taught, intern_id) FROM stdin;
1	\N	\N	\N	\N	Introduced fractions using visual aids, group exercises, and board demonstrations.	Some students had difficulty understanding decimal conversion.	Grade 5	2026-04-18	3.5	Good lesson structure and clear explanation of fractions. Students showed good understanding.	2026-04-18	APPROVED	Mathematics	Fractions and Decimals	1
2	\N	\N	\N	\N	Conducted interactive lesson with examples, class participation, and short exercises.	Students were shy to participate initially.	Grade 4	2026-04-18	2.5	Lesson was good, but encourage more student participation and engagement from the beginning.	2026-04-19	APPROVED	English	Parts of Speech - Nouns and Verbs	2
\.


--
-- Data for Name: interns; Type: TABLE DATA; Schema: public; Owner: rahma
--

COPY public.interns (id, created_by, created_date, last_modified_by, last_modified_date, education_level, end_date, graduation_year, specialization, start_date, status, application_id) FROM stdin;
1	\N	\N	\N	\N	DEGREE	\N	2024	Computer Science	\N	ACTIVE	1
2	\N	\N	\N	\N	DIPLOMA	\N	2024	Information Technology	\N	ACTIVE	3
\.


--
-- Data for Name: mentors; Type: TABLE DATA; Schema: public; Owner: rahma
--

COPY public.mentors (qualification_level, specialization, status, years_of_experience, id, school_id) FROM stdin;
DEGREE	Mathematics	ACTIVE	5	4	1
DIPLOMA	English	ACTIVE	3	5	2
DEGREE	Physics	ACTIVE	7	6	3
DEGREE	Biology	ACTIVE	6	7	4
DIPLOMA	Geography	ACTIVE	4	8	5
DEGREE	Chemistry	ACTIVE	8	9	6
\.


--
-- Data for Name: placements; Type: TABLE DATA; Schema: public; Owner: rahma
--

COPY public.placements (id, created_by, created_date, last_modified_by, last_modified_date, assigned_date, end_date, remarks, start_date, status, intern_id, mentor_id, school_id) FROM stdin;
1	\N	\N	\N	\N	2026-04-18	2027-04-18	\N	2026-04-18	ACTIVE	1	9	6
2	\N	\N	\N	\N	2026-04-18	2027-04-18	\N	2026-04-18	ACTIVE	2	8	5
\.


--
-- Data for Name: school_types; Type: TABLE DATA; Schema: public; Owner: rahma
--

COPY public.school_types (school_id, type) FROM stdin;
1	PRIMARY
2	PRIMARY
3	SECONDARY
4	SECONDARY
5	SECONDARY
5	PRIMARY
6	SECONDARY
6	PRIMARY
\.


--
-- Data for Name: schools; Type: TABLE DATA; Schema: public; Owner: rahma
--

COPY public.schools (id, created_by, created_date, last_modified_by, last_modified_date, capacity, current_intern_count, district, email, head_teacher_name, location, name, phone_number, region) FROM stdin;
1	\N	\N	\N	\N	20	0	MJINI	kiembe.primary@school.tz	Mwalimu Asha Ali	Kiembe Samaki, Zanzibar	Kiembe Samaki Primary School	0771000001	URBAN_WEST
2	\N	\N	\N	\N	25	0	MAGHARIBI_A	mpendae.primary@school.tz	Fatma Juma	Mpendae, Zanzibar	Mpendae Primary School	0771000002	URBAN_WEST
3	\N	\N	\N	\N	15	0	MAGHARIBI_B	bububu.secondary@school.tz	Mr. Hassan Omar	Bububu, Zanzibar	Bububu Secondary School	0771000003	URBAN_WEST
4	\N	\N	\N	\N	18	0	KASKAZINI_A	donge.secondary@school.tz	Mr. Ali Suleiman	Donge, Zanzibar North	Donge Secondary School	0771000004	NORTH_UNGUJA
6	\N	\N	\N	\N	35	1	WETE	wete.combined@school.tz	Mr. Juma Seif	Wete, Pemba	Wete Combined School	0771000006	NORTH_PEMBA
5	\N	\N	\N	\N	30	1	MAGHARIBI_A	mwembeladu.school@school.tz	Mwalimu Salma Abdallah	Mwembeladu, Zanzibar	Mwembeladu School	0771000005	URBAN_WEST
\.


--
-- Data for Name: users; Type: TABLE DATA; Schema: public; Owner: rahma
--

COPY public.users (id, created_by, created_date, last_modified_by, last_modified_date, email, name, password) FROM stdin;
1	\N	\N	\N	\N	rahma@gmail.com	Rahma	Amhar123@
2	\N	\N	\N	\N	shuayb@gmail.com	Shuayb	shuayb123@
3	\N	\N	\N	\N	kau@gmail.com	Kauthar	kau@123
4	\N	\N	\N	\N	ali.hassan@gmail.com	Ali Hassan	\N
5	\N	\N	\N	\N	fatma.suleiman@gmail.com	Fatma Suleiman	\N
6	\N	\N	\N	\N	hassan.omar@gmail.com	Hassan Omar	\N
7	\N	\N	\N	\N	salma.ali@gmail.com	Salma Ali	\N
8	\N	\N	\N	\N	juma.abdallah@gmail.com	Juma Abdallah	\N
9	\N	\N	\N	\N	asha.mohammed@gmail.com	Asha Mohammed	\N
\.


--
-- Name: applications_id_seq; Type: SEQUENCE SET; Schema: public; Owner: rahma
--

SELECT pg_catalog.setval('public.applications_id_seq', 3, true);


--
-- Name: certificates_id_seq; Type: SEQUENCE SET; Schema: public; Owner: rahma
--

SELECT pg_catalog.setval('public.certificates_id_seq', 1, false);


--
-- Name: evaluations_id_seq; Type: SEQUENCE SET; Schema: public; Owner: rahma
--

SELECT pg_catalog.setval('public.evaluations_id_seq', 38, true);


--
-- Name: extension_id_seq; Type: SEQUENCE SET; Schema: public; Owner: rahma
--

SELECT pg_catalog.setval('public.extension_id_seq', 35, true);


--
-- Name: feedback_id_seq; Type: SEQUENCE SET; Schema: public; Owner: rahma
--

SELECT pg_catalog.setval('public.feedback_id_seq', 4, true);


--
-- Name: intern_activity_logs_id_seq; Type: SEQUENCE SET; Schema: public; Owner: rahma
--

SELECT pg_catalog.setval('public.intern_activity_logs_id_seq', 2, true);


--
-- Name: interns_id_seq; Type: SEQUENCE SET; Schema: public; Owner: rahma
--

SELECT pg_catalog.setval('public.interns_id_seq', 2, true);


--
-- Name: placements_id_seq; Type: SEQUENCE SET; Schema: public; Owner: rahma
--

SELECT pg_catalog.setval('public.placements_id_seq', 2, true);


--
-- Name: schools_id_seq; Type: SEQUENCE SET; Schema: public; Owner: rahma
--

SELECT pg_catalog.setval('public.schools_id_seq', 6, true);


--
-- Name: users_id_seq; Type: SEQUENCE SET; Schema: public; Owner: rahma
--

SELECT pg_catalog.setval('public.users_id_seq', 9, true);


--
-- Name: applications applications_pkey; Type: CONSTRAINT; Schema: public; Owner: rahma
--

ALTER TABLE ONLY public.applications
    ADD CONSTRAINT applications_pkey PRIMARY KEY (id);


--
-- Name: certificates certificates_pkey; Type: CONSTRAINT; Schema: public; Owner: rahma
--

ALTER TABLE ONLY public.certificates
    ADD CONSTRAINT certificates_pkey PRIMARY KEY (id);


--
-- Name: evaluations evaluations_pkey; Type: CONSTRAINT; Schema: public; Owner: rahma
--

ALTER TABLE ONLY public.evaluations
    ADD CONSTRAINT evaluations_pkey PRIMARY KEY (id);


--
-- Name: extension extension_pkey; Type: CONSTRAINT; Schema: public; Owner: rahma
--

ALTER TABLE ONLY public.extension
    ADD CONSTRAINT extension_pkey PRIMARY KEY (id);


--
-- Name: feedback feedback_pkey; Type: CONSTRAINT; Schema: public; Owner: rahma
--

ALTER TABLE ONLY public.feedback
    ADD CONSTRAINT feedback_pkey PRIMARY KEY (id);


--
-- Name: intern_activity_logs intern_activity_logs_pkey; Type: CONSTRAINT; Schema: public; Owner: rahma
--

ALTER TABLE ONLY public.intern_activity_logs
    ADD CONSTRAINT intern_activity_logs_pkey PRIMARY KEY (id);


--
-- Name: interns interns_pkey; Type: CONSTRAINT; Schema: public; Owner: rahma
--

ALTER TABLE ONLY public.interns
    ADD CONSTRAINT interns_pkey PRIMARY KEY (id);


--
-- Name: mentors mentors_pkey; Type: CONSTRAINT; Schema: public; Owner: rahma
--

ALTER TABLE ONLY public.mentors
    ADD CONSTRAINT mentors_pkey PRIMARY KEY (id);


--
-- Name: placements placements_pkey; Type: CONSTRAINT; Schema: public; Owner: rahma
--

ALTER TABLE ONLY public.placements
    ADD CONSTRAINT placements_pkey PRIMARY KEY (id);


--
-- Name: schools schools_pkey; Type: CONSTRAINT; Schema: public; Owner: rahma
--

ALTER TABLE ONLY public.schools
    ADD CONSTRAINT schools_pkey PRIMARY KEY (id);


--
-- Name: users uk6dotkott2kjsp8vw4d0m25fb7; Type: CONSTRAINT; Schema: public; Owner: rahma
--

ALTER TABLE ONLY public.users
    ADD CONSTRAINT uk6dotkott2kjsp8vw4d0m25fb7 UNIQUE (email);


--
-- Name: applications ukjrf7ve5b89coyrxbm8o76otls; Type: CONSTRAINT; Schema: public; Owner: rahma
--

ALTER TABLE ONLY public.applications
    ADD CONSTRAINT ukjrf7ve5b89coyrxbm8o76otls UNIQUE (email);


--
-- Name: certificates ukn9q9axu456jeu7flf9w476ctw; Type: CONSTRAINT; Schema: public; Owner: rahma
--

ALTER TABLE ONLY public.certificates
    ADD CONSTRAINT ukn9q9axu456jeu7flf9w476ctw UNIQUE (intern_id);


--
-- Name: placements ukqjmkamajqpy8hgmt0c36kr5r2; Type: CONSTRAINT; Schema: public; Owner: rahma
--

ALTER TABLE ONLY public.placements
    ADD CONSTRAINT ukqjmkamajqpy8hgmt0c36kr5r2 UNIQUE (intern_id);


--
-- Name: interns ukqx4chykwv3l4fk2u4bwbpl9ae; Type: CONSTRAINT; Schema: public; Owner: rahma
--

ALTER TABLE ONLY public.interns
    ADD CONSTRAINT ukqx4chykwv3l4fk2u4bwbpl9ae UNIQUE (application_id);


--
-- Name: extension ukr5ekjqgueq5t9f0yxl2lg7k9w; Type: CONSTRAINT; Schema: public; Owner: rahma
--

ALTER TABLE ONLY public.extension
    ADD CONSTRAINT ukr5ekjqgueq5t9f0yxl2lg7k9w UNIQUE (evaluation_id);


--
-- Name: users users_pkey; Type: CONSTRAINT; Schema: public; Owner: rahma
--

ALTER TABLE ONLY public.users
    ADD CONSTRAINT users_pkey PRIMARY KEY (id);


--
-- Name: interns fk2asqo3fxaot1i72gidkgm7s4i; Type: FK CONSTRAINT; Schema: public; Owner: rahma
--

ALTER TABLE ONLY public.interns
    ADD CONSTRAINT fk2asqo3fxaot1i72gidkgm7s4i FOREIGN KEY (application_id) REFERENCES public.applications(id);


--
-- Name: feedback fk2la1k3hpwpit5fmp01ooxturi; Type: FK CONSTRAINT; Schema: public; Owner: rahma
--

ALTER TABLE ONLY public.feedback
    ADD CONSTRAINT fk2la1k3hpwpit5fmp01ooxturi FOREIGN KEY (mentor_id) REFERENCES public.mentors(id);


--
-- Name: extension fk3ri4u00k7s4mjbjj8vntb6aa7; Type: FK CONSTRAINT; Schema: public; Owner: rahma
--

ALTER TABLE ONLY public.extension
    ADD CONSTRAINT fk3ri4u00k7s4mjbjj8vntb6aa7 FOREIGN KEY (placement_id) REFERENCES public.placements(id);


--
-- Name: mentors fk66tdjct7ovjnmqnqop9st4nw; Type: FK CONSTRAINT; Schema: public; Owner: rahma
--

ALTER TABLE ONLY public.mentors
    ADD CONSTRAINT fk66tdjct7ovjnmqnqop9st4nw FOREIGN KEY (id) REFERENCES public.users(id);


--
-- Name: extension fk6msemxfnpooa4abkk4f75elks; Type: FK CONSTRAINT; Schema: public; Owner: rahma
--

ALTER TABLE ONLY public.extension
    ADD CONSTRAINT fk6msemxfnpooa4abkk4f75elks FOREIGN KEY (evaluation_id) REFERENCES public.evaluations(id);


--
-- Name: placements fk8tjwt4yl1pel6tq339pfa5gj4; Type: FK CONSTRAINT; Schema: public; Owner: rahma
--

ALTER TABLE ONLY public.placements
    ADD CONSTRAINT fk8tjwt4yl1pel6tq339pfa5gj4 FOREIGN KEY (school_id) REFERENCES public.schools(id);


--
-- Name: mentors fka5hv1htmvx5sq3q2jx27xa36p; Type: FK CONSTRAINT; Schema: public; Owner: rahma
--

ALTER TABLE ONLY public.mentors
    ADD CONSTRAINT fka5hv1htmvx5sq3q2jx27xa36p FOREIGN KEY (school_id) REFERENCES public.schools(id);


--
-- Name: feedback fkb9v9yspvqptnlra94n0t17ae9; Type: FK CONSTRAINT; Schema: public; Owner: rahma
--

ALTER TABLE ONLY public.feedback
    ADD CONSTRAINT fkb9v9yspvqptnlra94n0t17ae9 FOREIGN KEY (intern_id) REFERENCES public.interns(id);


--
-- Name: intern_activity_logs fkblnw6p8abad0t92ysagyynn2x; Type: FK CONSTRAINT; Schema: public; Owner: rahma
--

ALTER TABLE ONLY public.intern_activity_logs
    ADD CONSTRAINT fkblnw6p8abad0t92ysagyynn2x FOREIGN KEY (intern_id) REFERENCES public.interns(id);


--
-- Name: feedback fkenjphg77li8huxmemutotdfi2; Type: FK CONSTRAINT; Schema: public; Owner: rahma
--

ALTER TABLE ONLY public.feedback
    ADD CONSTRAINT fkenjphg77li8huxmemutotdfi2 FOREIGN KEY (placement_id) REFERENCES public.placements(id);


--
-- Name: applications fkfsfqljedcla632u568jl5qf3w; Type: FK CONSTRAINT; Schema: public; Owner: rahma
--

ALTER TABLE ONLY public.applications
    ADD CONSTRAINT fkfsfqljedcla632u568jl5qf3w FOREIGN KEY (user_id) REFERENCES public.users(id);


--
-- Name: school_types fkg5j23bhowe3gp6gi0ifn49186; Type: FK CONSTRAINT; Schema: public; Owner: rahma
--

ALTER TABLE ONLY public.school_types
    ADD CONSTRAINT fkg5j23bhowe3gp6gi0ifn49186 FOREIGN KEY (school_id) REFERENCES public.schools(id);


--
-- Name: evaluations fki07v0vb4mxqw0ummpvqubpx8t; Type: FK CONSTRAINT; Schema: public; Owner: rahma
--

ALTER TABLE ONLY public.evaluations
    ADD CONSTRAINT fki07v0vb4mxqw0ummpvqubpx8t FOREIGN KEY (placement_id) REFERENCES public.placements(id);


--
-- Name: placements fkl9q3g3jecaa5s5yxkjih6fwpg; Type: FK CONSTRAINT; Schema: public; Owner: rahma
--

ALTER TABLE ONLY public.placements
    ADD CONSTRAINT fkl9q3g3jecaa5s5yxkjih6fwpg FOREIGN KEY (intern_id) REFERENCES public.interns(id);


--
-- Name: certificates fkq4lrkfkumg3tkok3hha2na1lk; Type: FK CONSTRAINT; Schema: public; Owner: rahma
--

ALTER TABLE ONLY public.certificates
    ADD CONSTRAINT fkq4lrkfkumg3tkok3hha2na1lk FOREIGN KEY (intern_id) REFERENCES public.interns(id);


--
-- Name: placements fkt3smc5wt6kapqy4wvfdal6i4o; Type: FK CONSTRAINT; Schema: public; Owner: rahma
--

ALTER TABLE ONLY public.placements
    ADD CONSTRAINT fkt3smc5wt6kapqy4wvfdal6i4o FOREIGN KEY (mentor_id) REFERENCES public.mentors(id);


--
-- PostgreSQL database dump complete
--

\unrestrict AvlSytcnXVHloawel5XSarXojkF7RXYCvbTc1QwGvs5nfFdNvR6EbaxqnuSxsnb

